method,interval_s,n_samples,rmse_blocks,path_length_blocks,path_error_blocks,path_error_pct
block_change,,401,0.0278343690278411,400.24323854747286,0.24323854747285623,0.06080963686821406
interval_10s,10.0,10,0.0739373509790799,375.6130299243754,24.386970075624617,6.096742518906154
interval_2s,2.0,47,0.07186430199935692,394.46573307846444,5.534266921535561,1.3835667303838903
interval_5s,5.0,19,0.06703736116620046,388.32079505894023,11.679204941059766,2.9198012352649414
